{"rf_train_acc": 99.85974754558204, "rf_valid_acc": 81.46067415730337, "et_train_acc": 98.6013986013986, "et_valid_acc": 81.81818181818183}